[{"id":"user-image-25231.png","publicUrl":"np://user.desktop.nicepage.com/Site_169907942/images/25231.png","size":8640,"hash":"vrZqc49PMV7QFO+ssHI+z8EWYRw=","fileName":"25231.png","name":"25231","width":512,"height":512,"thumbnail":{"url":"np://user.desktop.nicepage.com/Site_169907942/images/thumbnails/25231.png","width":250,"height":250},"folderId":null,"usages":["2623212254"]},{"id":"user-image-gmail_icon-icons.com_59877.png","publicUrl":"np://user.desktop.nicepage.com/Site_169907942/images/gmail_icon-icons.com_59877.png","size":15844,"hash":"HEAcKYTIPB158EAuFMmWGjdL2tU=","fileName":"gmail_icon-icons.com_59877.png","name":"gmail_icon-icons.com_59877","width":512,"height":512,"thumbnail":{"url":"np://user.desktop.nicepage.com/Site_169907942/images/thumbnails/gmail_icon-icons.com_59877.png","width":250,"height":250},"folderId":null,"usages":["2623212254"]},{"id":"user-image-linkedin_black_logo_icon_147114.png","publicUrl":"np://user.desktop.nicepage.com/Site_169907942/images/linkedin_black_logo_icon_147114.png","size":10636,"hash":"U88nHFGcFw9gOUQq0YWPLVdMhE0=","fileName":"linkedin_black_logo_icon_147114.png","name":"linkedin_black_logo_icon_147114","width":512,"height":512,"thumbnail":{"url":"np://user.desktop.nicepage.com/Site_169907942/images/thumbnails/linkedin_black_logo_icon_147114.png","width":250,"height":250},"folderId":null,"usages":["2623212254"]},{"id":"user-image-959159.png","publicUrl":"np://user.desktop.nicepage.com/Site_169907942/images/959159.png","size":1930,"hash":"iYlZaaVbyxaA+qtoKnkg1AmcVmI=","fileName":"959159.png","name":"959159","width":128,"height":128,"thumbnail":{"url":"np://user.desktop.nicepage.com/Site_169907942/images/thumbnails/959159.png","width":128,"height":128,"length":1930,"type":"png"},"folderId":null,"originalUrl":"//images01.nicepagecdn.com/c461c07a441a5d220e8feb1a/46802cb050e858f4a7e6348f/959159.png","usages":["195471572"]},{"id":"user-image-h.jpg","publicUrl":"np://user.desktop.nicepage.com/Site_169907942/images/h.jpg","size":177987,"hash":"WuXYVbLTx8GwpfSbuiKrkAXnxHI=","fileName":"h.jpg","name":"h","width":1000,"height":667,"thumbnail":{"url":"np://user.desktop.nicepage.com/Site_169907942/images/thumbnails/h.jpg","width":250,"height":167},"folderId":null,"originalUrl":"//images01.nicepagecdn.com/c461c07a441a5d220e8feb1a/f7f96dffc0625287b1dc67f1/h.jpg","usages":["747228382","2623212254"]},{"id":"user-image-ffff.jpg","publicUrl":"np://user.desktop.nicepage.com/Site_169907942/images/ffff.jpg","size":112256,"hash":"+lRtp/qVyx7UxCznqtbpm08KLIo=","fileName":"ffff.jpg","name":"ffff","width":1380,"height":920,"thumbnail":{"url":"np://user.desktop.nicepage.com/Site_169907942/images/thumbnails/ffff.jpg","width":250,"height":167},"folderId":null,"originalUrl":"//images01.nicepagecdn.com/c461c07a441a5d220e8feb1a/64f29fe1ade956eebdab9991/ffff.jpg","usages":["747228382"]},{"id":"user-image-hhhh1.jpg","publicUrl":"np://user.desktop.nicepage.com/Site_169907942/images/hhhh1.jpg","size":75294,"hash":"pqOHnTbT27LrqzMTKbDAgGZJwYQ=","fileName":"hhhh1.jpg","name":"hhhh1","width":1380,"height":920,"thumbnail":{"url":"np://user.desktop.nicepage.com/Site_169907942/images/thumbnails/hhhh1.jpg","width":250,"height":167},"folderId":null,"originalUrl":"//images01.nicepagecdn.com/c461c07a441a5d220e8feb1a/794855053352583693042d8c/hhhh.jpg","usages":["747228382"]},{"id":"user-image-vvv.jpg","publicUrl":"np://user.desktop.nicepage.com/Site_169907942/images/vvv.jpg","size":146217,"hash":"+utMz6ATI/tJCOOj51u7X7BanRE=","fileName":"vvv.jpg","name":"vvv","width":873,"height":873,"thumbnail":{"url":"np://user.desktop.nicepage.com/Site_169907942/images/thumbnails/vvv.jpg","width":250,"height":250},"folderId":null,"originalUrl":"//images01.nicepagecdn.com/c461c07a441a5d220e8feb1a/a144760fb23a5da6b13a899b/vvv.jpg","usages":["747228382"]},{"id":"user-image-hhhh.jpg","publicUrl":"np://user.desktop.nicepage.com/Site_169907942/images/hhhh.jpg","size":173087,"hash":"AsGLGXOFMqDrWsWLxSH59t8LGYw=","fileName":"hhhh.jpg","name":"hhhh","width":1000,"height":667,"thumbnail":{"url":"np://user.desktop.nicepage.com/Site_169907942/images/thumbnails/hhhh.jpg","width":250,"height":167},"folderId":null,"originalUrl":"//images01.nicepagecdn.com/c461c07a441a5d220e8feb1a/296b2a5ed05852cd87b912a3/hhhh.jpg","usages":["747228382","2623212254"]},{"id":"user-image-jjjjj.jpg","publicUrl":"np://user.desktop.nicepage.com/Site_169907942/images/jjjjj.jpg","size":164763,"hash":"2WGbenmbgYJ/fp//j+SzveQM8E4=","fileName":"jjjjj.jpg","name":"jjjjj","width":1000,"height":667,"thumbnail":{"url":"np://user.desktop.nicepage.com/Site_169907942/images/thumbnails/jjjjj.jpg","width":250,"height":167},"folderId":null,"originalUrl":"//images01.nicepagecdn.com/c461c07a441a5d220e8feb1a/11d28f541f4756228ad2171f/jjjjj.jpg","usages":["747228382","2623212254"]},{"id":"user-image-Untitled51.jpg","publicUrl":"np://user.desktop.nicepage.com/Site_169907942/images/Untitled51.jpg","size":29229,"hash":"fiQSbtvsSItjIPrr8EZpBG6paS4=","fileName":"Untitled51.jpg","name":"Untitled51","width":277,"height":277,"thumbnail":{"url":"np://user.desktop.nicepage.com/Site_169907942/images/thumbnails/Untitled51.jpg","width":250,"height":250},"folderId":null,"originalUrl":"//images03.nicepagecdn.com/c461c07a441a5d220e8feb1a/505b2f3730a85585a18aa4ff/Untitled5.jpg","usages":["66832654"]},{"id":"user-image-Untitled2.jpg","publicUrl":"np://user.desktop.nicepage.com/Site_169907942/images/Untitled2.jpg","size":278175,"hash":"nE0LTV8JJ0cGZPcO26Pote/qtDA=","fileName":"Untitled2.jpg","name":"Untitled2","width":1191,"height":822,"thumbnail":{"url":"np://user.desktop.nicepage.com/Site_169907942/images/thumbnails/Untitled2.jpg","width":250,"height":173},"folderId":null,"originalUrl":"//images03.nicepagecdn.com/c461c07a441a5d220e8feb1a/78402318915c5dba99fba050/Untitled2.jpg","usages":["66832654"]},{"id":"user-image-d39717eb731b7ff9448aeffca445f15d.jpg","publicUrl":"np://user.desktop.nicepage.com/Site_169907942/images/d39717eb731b7ff9448aeffca445f15d.jpg","size":42289,"hash":"o5eJAh8bialah6h1vI8YnNUXi78=","fileName":"d39717eb731b7ff9448aeffca445f15d.jpg","name":"d39717eb731b7ff9448aeffca445f15d","width":564,"height":705,"thumbnail":{"url":"np://user.desktop.nicepage.com/Site_169907942/images/thumbnails/d39717eb731b7ff9448aeffca445f15d.jpg","width":200,"height":250},"folderId":null,"originalUrl":"//images03.nicepagecdn.com/c461c07a441a5d220e8feb1a/a15457353d0d52ed9542a0e1/d39717eb731b7ff9448aeffca445f15d.jpg","usages":["66832654"]},{"id":"user-image-8a209396-a5e6-d5fa-cdbb-6f3377184622.jpg","publicUrl":"np://user.desktop.nicepage.com/Site_169907942/images/8a209396-a5e6-d5fa-cdbb-6f3377184622.jpg","size":30330,"hash":"pnbR1dnMGZfHONkHFjN4K5ghWrE=","fileName":"8a209396-a5e6-d5fa-cdbb-6f3377184622.jpg","name":"8a209396-a5e6-d5fa-cdbb-6f3377184622","width":476,"height":589,"thumbnail":{"url":"np://user.desktop.nicepage.com/Site_169907942/images/thumbnails/8a209396-a5e6-d5fa-cdbb-6f3377184622.jpg","width":202,"height":250},"folderId":null,"originalUrl":"//images03.nicepagecdn.com/c461c07a441a5d220e8feb1a/3c8a13c6cb3552f3adcb6eb5/8a209396-a5e6-d5fa-cdbb-6f3377184622.jpg","usages":["66832654"]},{"id":"user-image-33dee2efdaae64632514e4942754b400.jpg","publicUrl":"np://user.desktop.nicepage.com/Site_169907942/images/33dee2efdaae64632514e4942754b400.jpg","size":49993,"hash":"PUN9gfEE0Q4qy1Kha1eSm3+GIIs=","fileName":"33dee2efdaae64632514e4942754b400.jpg","name":"33dee2efdaae64632514e4942754b400","width":564,"height":754,"thumbnail":{"url":"np://user.desktop.nicepage.com/Site_169907942/images/thumbnails/33dee2efdaae64632514e4942754b400.jpg","width":187,"height":250},"folderId":null,"originalUrl":"//images03.nicepagecdn.com/c461c07a441a5d220e8feb1a/b6e81760880b5bd5921c9ae5/33dee2efdaae64632514e4942754b400.jpg","usages":["66832654"]},{"id":"user-image-Untitled5.jpg","publicUrl":"np://user.desktop.nicepage.com/Site_169907942/images/Untitled5.jpg","size":14075,"hash":"MsnQ+18PGfKh79Lnl6ZfukNc8I0=","fileName":"Untitled5.jpg","name":"Untitled5","width":277,"height":277,"thumbnail":{"url":"np://user.desktop.nicepage.com/Site_169907942/images/thumbnails/Untitled5.jpg","width":250,"height":250},"folderId":null,"originalUrl":"//images03.nicepagecdn.com/c461c07a441a5d220e8feb1a/594bb6d5e63f5b67905f15c8/Untitled5.jpg","usages":["66832654"]},{"id":"user-image-6af0c54579ba54cb66ef0ab0cc9d20aa.jpeg","publicUrl":"np://user.desktop.nicepage.com/Site_169907942/images/6af0c54579ba54cb66ef0ab0cc9d20aa.jpeg","size":378407,"hash":"Jy8Px9rgE9aSFSwojSBojJvnOSU=","fileName":"6af0c54579ba54cb66ef0ab0cc9d20aa.jpeg","name":"6af0c54579ba54cb66ef0ab0cc9d20aa","width":800,"height":533,"thumbnail":{"url":"np://user.desktop.nicepage.com/Site_169907942/images/thumbnails/6af0c54579ba54cb66ef0ab0cc9d20aa.jpeg","width":250,"height":167},"folderId":null,"originalUrl":"//images01.nicepage.com/6a/f0/6af0c54579ba54cb66ef0ab0cc9d20aa.jpeg","usages":["5965433"]},{"id":"user-image-979713caea7228b6b09067d74f0ef3af.jpeg","publicUrl":"np://user.desktop.nicepage.com/Site_169907942/images/979713caea7228b6b09067d74f0ef3af.jpeg","size":267109,"hash":"LtlNtz9MhsKI+p2zTEvmXS4wauE=","fileName":"979713caea7228b6b09067d74f0ef3af.jpeg","name":"979713caea7228b6b09067d74f0ef3af","width":800,"height":533,"thumbnail":{"url":"np://user.desktop.nicepage.com/Site_169907942/images/thumbnails/979713caea7228b6b09067d74f0ef3af.jpeg","width":250,"height":167},"folderId":null,"originalUrl":"//images01.nicepage.com/97/97/979713caea7228b6b09067d74f0ef3af.jpeg","usages":["5965433"]},{"id":"user-image-dc2643a088ad8153200a712efc667525.jpeg","publicUrl":"np://user.desktop.nicepage.com/Site_169907942/images/dc2643a088ad8153200a712efc667525.jpeg","size":283805,"hash":"I+9YQHIDujAnnDOtkiz8pbMqaYE=","fileName":"dc2643a088ad8153200a712efc667525.jpeg","name":"dc2643a088ad8153200a712efc667525","width":800,"height":533,"thumbnail":{"url":"np://user.desktop.nicepage.com/Site_169907942/images/thumbnails/dc2643a088ad8153200a712efc667525.jpeg","width":250,"height":167},"folderId":null,"originalUrl":"//images01.nicepage.com/dc/26/dc2643a088ad8153200a712efc667525.jpeg","usages":["5965433"]},{"id":"user-image-e201a7492f664dab724a86ecd6db62ac.jpeg","publicUrl":"np://user.desktop.nicepage.com/Site_169907942/images/e201a7492f664dab724a86ecd6db62ac.jpeg","size":139586,"hash":"x+Ppd/1lJPXPFi3zwNjx4cqpWvg=","fileName":"e201a7492f664dab724a86ecd6db62ac.jpeg","name":"e201a7492f664dab724a86ecd6db62ac","width":1200,"height":800,"thumbnail":{"url":"np://user.desktop.nicepage.com/Site_169907942/images/thumbnails/e201a7492f664dab724a86ecd6db62ac.jpeg","width":250,"height":167},"folderId":null,"originalUrl":"//images01.nicepage.com/e2/01/e201a7492f664dab724a86ecd6db62ac.jpeg","usages":["5965433"]},{"id":"user-image-44cb00a2e0e2bad624958e873bcdbf88.jpeg","publicUrl":"np://user.desktop.nicepage.com/Site_169907942/images/44cb00a2e0e2bad624958e873bcdbf88.jpeg","size":77121,"hash":"Hb0f+WiCP9kSbS7C8UCpdIb6KVM=","fileName":"44cb00a2e0e2bad624958e873bcdbf88.jpeg","name":"44cb00a2e0e2bad624958e873bcdbf88","width":1125,"height":750,"thumbnail":{"url":"np://user.desktop.nicepage.com/Site_169907942/images/thumbnails/44cb00a2e0e2bad624958e873bcdbf88.jpeg","width":250,"height":167},"folderId":null,"originalUrl":"//images01.nicepage.com/44/cb/44cb00a2e0e2bad624958e873bcdbf88.jpeg","usages":["5965433"]},{"id":"user-image-1667134729fcee0c8d3a8ca316f23703.jpeg","publicUrl":"np://user.desktop.nicepage.com/Site_169907942/images/1667134729fcee0c8d3a8ca316f23703.jpeg","size":63249,"hash":"9w2fZ2m5mKw8gZWs4nOw/G8g+Mo=","fileName":"1667134729fcee0c8d3a8ca316f23703.jpeg","name":"1667134729fcee0c8d3a8ca316f23703","width":1200,"height":800,"thumbnail":{"url":"np://user.desktop.nicepage.com/Site_169907942/images/thumbnails/1667134729fcee0c8d3a8ca316f23703.jpeg","width":250,"height":167},"folderId":null,"originalUrl":"//images01.nicepage.com/16/67/1667134729fcee0c8d3a8ca316f23703.jpeg","usages":["5965433"]},{"id":"user-image-541990a56609150428d335d153cefe321ac911b0d638c8559dfaa00a65ecc1ad5dd21813bf4494346bb2a8bc39833c3fc91a3671ed66198d813c78_1280.png","publicUrl":"np://user.desktop.nicepage.com/Site_169907942/images/541990a56609150428d335d153cefe321ac911b0d638c8559dfaa00a65ecc1ad5dd21813bf4494346bb2a8bc39833c3fc91a3671ed66198d813c78_1280.png","size":656463,"hash":"PeT2S2lLPAf+Cdau1V6L4w39QCg=","fileName":"541990a56609150428d335d153cefe321ac911b0d638c8559dfaa00a65ecc1ad5dd21813bf4494346bb2a8bc39833c3fc91a3671ed66198d813c78_1280.png","name":"541990a56609150428d335d153cefe321ac911b0d638c8559dfaa00a65ecc1ad5dd21813bf4494346bb2a8bc39833c3fc91a3671ed66198d813c78_1280","width":1280,"height":704,"thumbnail":{"url":"np://user.desktop.nicepage.com/Site_169907942/images/thumbnails/541990a56609150428d335d153cefe321ac911b0d638c8559dfaa00a65ecc1ad5dd21813bf4494346bb2a8bc39833c3fc91a3671ed66198d813c78_1280.png","width":250,"height":138},"folderId":null,"usages":["2623212254","226927881","66832654"]},{"id":"user-image-mysql.png","publicUrl":"np://user.desktop.nicepage.com/Site_169907942/images/mysql.png","size":21133,"hash":"ZMx0g1eBDs4zgvAc2BFefK5dx/Y=","fileName":"mysql.png","name":"mysql","width":512,"height":512,"thumbnail":{"url":"np://user.desktop.nicepage.com/Site_169907942/images/thumbnails/mysql.png","width":250,"height":250},"folderId":null,"usages":["2623212254"]},{"id":"user-image-git.png","publicUrl":"np://user.desktop.nicepage.com/Site_169907942/images/git.png","size":59103,"hash":"Vc+2H7nKJbqTMBffjCjLEzGDwJs=","fileName":"git.png","name":"git","width":2048,"height":2048,"thumbnail":{"url":"np://user.desktop.nicepage.com/Site_169907942/images/thumbnails/git.png","width":250,"height":250},"folderId":null,"usages":["2623212254"]},{"id":"user-image-c.png","publicUrl":"np://user.desktop.nicepage.com/Site_169907942/images/c.png","size":100691,"hash":"9g8wVwsaoU7Q7BEvy/ZG2jtcbUI=","fileName":"c.png","name":"c","width":1822,"height":2048,"thumbnail":{"url":"np://user.desktop.nicepage.com/Site_169907942/images/thumbnails/c.png","width":222,"height":250},"folderId":null,"usages":["2623212254"]},{"id":"user-image-java.png","publicUrl":"np://user.desktop.nicepage.com/Site_169907942/images/java.png","size":25468,"hash":"pHy0LO0neU88SqMpO4EKX3GsUow=","fileName":"java.png","name":"java","width":512,"height":512,"thumbnail":{"url":"np://user.desktop.nicepage.com/Site_169907942/images/thumbnails/java.png","width":250,"height":250},"folderId":null,"usages":["2623212254"]},{"id":"user-image-blender.png","publicUrl":"np://user.desktop.nicepage.com/Site_169907942/images/blender.png","size":121105,"hash":"JMaL6QumJthMQWKfmnqhNjVTFG8=","fileName":"blender.png","name":"blender","width":2503,"height":2047,"thumbnail":{"url":"np://user.desktop.nicepage.com/Site_169907942/images/thumbnails/blender.png","width":250,"height":204},"folderId":null,"usages":["2623212254"]},{"id":"user-image-typescript.png","publicUrl":"np://user.desktop.nicepage.com/Site_169907942/images/typescript.png","size":6544,"hash":"DNXAnCCrcYC3zQlpBM008HFFeBA=","fileName":"typescript.png","name":"typescript","width":256,"height":256,"thumbnail":{"url":"np://user.desktop.nicepage.com/Site_169907942/images/thumbnails/typescript.png","width":250,"height":250},"folderId":null,"usages":["2623212254"]},{"id":"user-image-agiule.png","publicUrl":"np://user.desktop.nicepage.com/Site_169907942/images/agiule.png","size":15630,"hash":"xJzhYsDe611i/JYtlxH6yw1xwk8=","fileName":"agiule.png","name":"agiule","width":880,"height":861,"thumbnail":{"url":"np://user.desktop.nicepage.com/Site_169907942/images/thumbnails/agiule.png","width":250,"height":245},"folderId":null,"usages":["2623212254"]},{"id":"user-image-unityengine.png","publicUrl":"np://user.desktop.nicepage.com/Site_169907942/images/unityengine.png","size":40029,"hash":"/YsMq+ER+BK18kinLa5CYC4x6VY=","fileName":"unityengine.png","name":"unityengine","width":800,"height":800,"thumbnail":{"url":"np://user.desktop.nicepage.com/Site_169907942/images/thumbnails/unityengine.png","width":250,"height":250},"folderId":null,"usages":["2623212254"]},{"id":"user-image-pf.jfif","publicUrl":"np://user.desktop.nicepage.com/Site_169907942/images/pf.jfif","size":145418,"hash":"xkgtaljFCooMxcpSjq+eEJuMAok=","fileName":"pf.jfif","name":"pf","width":800,"height":800,"thumbnail":{"url":"np://user.desktop.nicepage.com/Site_169907942/images/thumbnails/pf.jfif","width":250,"height":250},"folderId":null,"usages":["2623212254"]}]