[{"id":690106643,"title":"Blog Template","order":1,"templateKey":"blog","customTemplate":false,"customTemplateFilename":null,"pageLinks":[],"dateCreated":"2024-06-05T18:42:47.249Z","dateUpdated":"2024-06-05T18:42:48.052Z","folderId":null,"pageName":"Blog Template","serverPageId":null,"sectionCount":1,"status":2,"backwardUrl":null},{"id":75612489,"title":"Post Template","order":2,"templateKey":"post","customTemplate":false,"customTemplateFilename":null,"pageLinks":[],"dateCreated":"2024-06-05T18:42:47.323Z","dateUpdated":"2024-06-05T18:42:48.052Z","folderId":null,"pageName":"Post Template","serverPageId":null,"sectionCount":1,"status":2,"backwardUrl":null},{"id":1331926370,"title":"Product List Template","order":3,"templateKey":"products","customTemplate":false,"customTemplateFilename":null,"pageLinks":[],"dateCreated":"2024-06-05T18:42:47.404Z","dateUpdated":"2024-06-05T18:42:48.052Z","folderId":null,"pageName":"Product List Template","serverPageId":null,"sectionCount":1,"status":2,"backwardUrl":null},{"id":951012092,"title":"Product Details Template","order":4,"templateKey":"product","customTemplate":false,"customTemplateFilename":null,"pageLinks":[],"dateCreated":"2024-06-05T18:42:47.492Z","dateUpdated":"2024-06-05T18:42:48.052Z","folderId":null,"pageName":"Product Details Template","serverPageId":null,"sectionCount":1,"status":2,"backwardUrl":null},{"id":7333317,"title":"Shopping Cart Template","order":5,"templateKey":"cart","customTemplate":false,"customTemplateFilename":null,"pageLinks":[],"dateCreated":"2024-06-05T18:42:47.562Z","dateUpdated":"2024-06-05T18:42:48.052Z","folderId":null,"pageName":"Shopping Cart Template","serverPageId":null,"sectionCount":1,"status":2,"backwardUrl":null},{"id":720530782,"title":"Checkout Template","order":6,"templateKey":"checkout","customTemplate":false,"customTemplateFilename":null,"pageLinks":[],"dateCreated":"2024-06-05T18:42:47.679Z","dateUpdated":"2024-06-05T18:42:48.052Z","folderId":null,"pageName":"Checkout Template","serverPageId":null,"sectionCount":1,"status":2,"backwardUrl":null},{"id":66753971,"title":"Login Template","order":7,"templateKey":"login","customTemplate":false,"customTemplateFilename":null,"pageLinks":[],"dateCreated":"2024-06-05T18:42:47.744Z","dateUpdated":"2024-06-05T18:42:48.052Z","folderId":null,"pageName":"Login Template","serverPageId":null,"sectionCount":1,"status":2,"backwardUrl":null},{"id":981617639,"title":"Page Password Template","order":8,"templateKey":"password","customTemplate":false,"customTemplateFilename":null,"pageLinks":[],"dateCreated":"2024-06-05T18:42:47.789Z","dateUpdated":"2024-06-05T18:42:48.052Z","folderId":null,"pageName":"Page Password Template","serverPageId":null,"sectionCount":1,"status":2,"backwardUrl":null},{"id":34131111,"title":"404 Not Found Template","order":9,"templateKey":"404","customTemplate":false,"customTemplateFilename":null,"pageLinks":[],"dateCreated":"2024-06-05T18:42:47.829Z","dateUpdated":"2024-06-05T18:42:48.053Z","folderId":null,"pageName":"404 Not Found Template","serverPageId":null,"sectionCount":1,"status":2,"backwardUrl":null},{"id":261596355,"title":"Thank You Page Template","order":10,"templateKey":"ThankYou","customTemplate":false,"customTemplateFilename":null,"pageLinks":[],"dateCreated":"2024-06-05T18:42:47.865Z","dateUpdated":"2024-06-05T18:42:48.053Z","folderId":null,"pageName":"Thank You Page Template","serverPageId":null,"sectionCount":1,"status":2,"backwardUrl":null},{"id":2623212254,"title":"Home","order":50,"templateKey":null,"customTemplate":false,"customTemplateFilename":null,"pageLinks":["226927881","195471572","5965433","747228382"],"dateCreated":"2024-06-05T19:25:58.284Z","dateUpdated":"2024-06-11T19:36:20.164Z","folderId":null,"pageName":"Home_2623212254","serverPageId":null,"sectionCount":8,"status":2,"backwardUrl":null},{"id":226927881,"title":"Skill page","order":100,"templateKey":null,"customTemplate":false,"customTemplateFilename":null,"pageLinks":[],"dateCreated":"2024-06-05T18:42:47.892Z","dateUpdated":"2024-06-11T19:26:20.695Z","folderId":null,"pageName":"Skill page_226927881","serverPageId":null,"sectionCount":9,"status":2,"backwardUrl":null},{"id":5965433,"title":"Blog page","order":103,"templateKey":null,"customTemplate":false,"customTemplateFilename":null,"pageLinks":[],"dateCreated":"2024-06-06T22:51:17.648Z","dateUpdated":"2024-06-10T22:33:36.393Z","folderId":null,"pageName":"Blog page_5965433","serverPageId":null,"sectionCount":5,"status":2,"backwardUrl":null},{"id":66832654,"title":"Projectpage","order":104,"templateKey":null,"customTemplate":false,"customTemplateFilename":null,"pageLinks":[],"dateCreated":"2024-06-06T22:54:09.690Z","dateUpdated":"2024-06-10T22:15:29.209Z","folderId":null,"pageName":"Projectpage_66832654","serverPageId":null,"sectionCount":6,"status":2,"backwardUrl":null},{"id":747228382,"title":"Blogovervieuw","order":105,"templateKey":null,"customTemplate":false,"customTemplateFilename":null,"pageLinks":[],"dateCreated":"2024-06-06T23:02:22.762Z","dateUpdated":"2024-06-10T22:33:50.159Z","folderId":null,"pageName":"Blogovervieuw_747228382","serverPageId":null,"sectionCount":1,"status":2,"backwardUrl":null},{"id":195471572,"title":"Resume","order":106,"templateKey":null,"customTemplate":false,"customTemplateFilename":null,"pageLinks":[],"dateCreated":"2024-06-10T20:15:11.064Z","dateUpdated":"2024-06-11T19:28:43.768Z","folderId":null,"pageName":"Resume_195471572","serverPageId":null,"sectionCount":3,"status":2,"backwardUrl":null}]